Company,Laid Off,Date
Intel,22000,4/23/2025
Zopper,100,4/17/2025
Turo,150,4/16/2025
AppLovin,97,4/16/2025
Smashing,7,4/16/2025
GupShup,200,4/15/2025
Forto,200,4/12/2025
Five9,123,4/3/2025
Automattic,281,4/2/2025
Canva,10,4/2/2025
Northvolt,2800,3/31/2025
Palantir,120,3/27/2025
Block,931,3/25/2025
Niantic,68,3/25/2025
Prefect,20,3/25/2025
Brightcove,198,3/19/2025
Acxiom,130,3/19/2025
HelloFresh,273,3/17/2025
Otorio,45,3/17/2025
ActiveFence,22,3/13/2025
D-ID,22,3/10/2025
Wayfair ,340,3/7/2025
Hewlett Packard Enterprise,2500,3/6/2025
TikTok,300,3/6/2025
LiveRamp,65,3/5/2025
Ola Electric,1000,3/3/2025
HP,2000,2/28/2025
Grubhub,500,2/28/2025
Autodesk,1350,2/27/2025
Digimarc,90,2/27/2025
Flywire,125,2/26/2025
eBay,20,2/26/2025
Skybox Security,300,2/24/2025
Ibotta,70,2/22/2025
Zendesk,51,2/21/2025
SeatGeek,150,2/20/2025
Vendease,120,2/19/2025
Logically,40,2/17/2025
Blue Origin,1000,2/13/2025
Metro Africa Xpress,150,2/13/2025
Redfin,450,2/12/2025
Zepz,200,2/12/2025
Meta,3600,2/10/2025
Wise,300,2/10/2025
Justworks,200,2/10/2025
MessageBird,120,2/10/2025
Sprinklr,500,2/6/2025
Workday,1750,2/5/2025
Outbrain,200,2/5/2025
Sonos,200,2/5/2025
SRTX,140,2/5/2025
Tabnine,15,2/5/2025
Hugging Face,10,2/5/2025
Cruise,1000,2/4/2025
Okta,180,2/4/2025
AppsFlyer,100,2/4/2025
Asana,100,2/4/2025
TripAdvisor,75,2/4/2025
Intel,58,2/4/2025
Salesforce,1000,2/3/2025
Sure,70,2/3/2025
Placer.ai,150,1/29/2025
Digital River,122,1/28/2025
Stripe,300,1/21/2025
Unbabel,66,1/20/2025
Chrono24,110,1/16/2025
Pocket FM,75,1/16/2025
Aurora Solar,58,1/16/2025
HeyJobs,90,1/15/2025
AppLovin,89,1/15/2025
ShareChat,27,1/15/2025
Textio,15,1/15/2025
Wayfair,730,1/10/2025
Pandion,63,1/10/2025
Icon,114,1/9/2025
Redfin,46,1/9/2025
Altruist,37,1/7/2025
SolarEdge,400,1/6/2025
GupShup,300,12/31/2024
Bench,450,12/27/2024
Lilium,1000,12/23/2024
Foundry,74,12/11/2024
Calendly,70,12/11/2024
Canoo,20,12/11/2024
Bluevine,100,12/10/2024
Carousell,76,12/6/2024
Circle,50,12/5/2024
Stash,88,12/4/2024
Booking Holdings,60,12/4/2024
Skai,80,12/3/2024
Lightspeed Commerce,200,12/2/2024
Kobo360,30,11/30/2024
Klub,60,11/29/2024
SolarEdge,500,11/27/2024
AlphaSense,150,11/27/2024
Ola Electric,500,11/22/2024
Adjust,304,11/22/2024
LinkedIn,202,11/21/2024
TrueLayer,71,11/15/2024
Better Collective,300,11/14/2024
Kuku FM,80,11/14/2024
AMD,1000,11/13/2024
AppLovin,120,11/13/2024
Chegg,319,11/12/2024
Forward,200,11/12/2024
Lyra Health,77,11/12/2024
Enphase Energy,500,11/11/2024
23andMe,200,11/11/2024
Sword Health,13,11/11/2024
Monarch Tractor,35,11/8/2024
Freshworks,660,11/7/2024
Just Eat,300,11/7/2024
Opendoor,300,11/7/2024
Akamai,250,11/7/2024
ShareFile,199,11/7/2024
Personio,115,11/7/2024
iRobot,105,11/6/2024
Outreach,67,11/6/2024
Incredibuild,18,11/4/2024
Atera,20,11/3/2024
Maven Clinic,60,11/1/2024
Dropbox,527,10/30/2024
Kraken,400,10/30/2024
Miro,275,10/30/2024
ConsenSys,163,10/29/2024
F5,100,10/29/2024
Coursera,150,10/25/2024
Catena Media,29,10/23/2024
Venminder,100,10/21/2024
Jellysmack,22,10/21/2024
Gigamon,69,10/15/2024
AppLovin,58,10/15/2024
Bytedance,500,10/11/2024
Nikola,130,10/11/2024
CareerBuilder + Monster,200,10/10/2024
BeepKart,130,10/8/2024
Eaze,500,10/7/2024
PubMatic,12,10/7/2024
AppLovin,65,10/3/2024
Tome,12,10/2/2024
ABBYY,200,10/1/2024
FreshBooks,140,10/1/2024
Vendease,68,9/30/2024
Marin Software,27,9/30/2024
Shein,17,9/30/2024
Drata,40,9/26/2024
Moov,50,9/25/2024
FreightWaves,16,9/24/2024
Northvolt,1600,9/23/2024
Healthy.io,40,9/22/2024
Reverb,40,9/20/2024
CarTrawler,40,9/19/2024
Spendesk,151,9/18/2024
Aakash,80,9/18/2024
Runtastic,170,9/16/2024
Microsoft,650,9/12/2024
Udemy,280,9/11/2024
Mobileye,100,9/9/2024
WeTransfer,260,9/8/2024
Center,8,9/7/2024
Goop,39,9/6/2024
ChargePoint,250,9/4/2024
Fly.io,40,9/4/2024
Lyft,30,9/4/2024
Dozee,40,9/2/2024
Dunzo,150,8/31/2024
Character.ai,6,8/29/2024
Brave,27,8/28/2024
Apple,100,8/27/2024
IBM,1000,8/26/2024
Tome Biosciences,131,8/26/2024
Velo3D,42,8/26/2024
Redfin,82,8/22/2024
Skip the Dishes,800,8/20/2024
Five9,190,8/20/2024
GoPro,139,8/19/2024
Paper,81,8/16/2024
Retention.com,15,8/16/2024
AppLovin,61,8/15/2024
Inuitive,16,8/15/2024
Sonos,100,8/14/2024
Grail,350,8/13/2024
Cisco,5600,8/9/2024
Branch.io,100,8/9/2024
iCIMS,69,8/9/2024
Submittable,40,8/8/2024
Eventbrite,100,8/7/2024
Axios Media,50,8/6/2024
Infineon,1400,8/5/2024
Jam City,85,8/5/2024
ShareChat,30,8/3/2024
Intel,15000,8/1/2024
Avaya,180,8/1/2024
Bungie,220,7/31/2024
Delivery Hero,200,7/31/2024
Moxion Power,248,7/29/2024
Pocket FM,200,7/27/2024
WayCool,200,7/26/2024
Humble Games,36,7/23/2024
Cohere,20,7/23/2024
Magic Leap,75,7/19/2024
Aqua Security,50,7/17/2024
EverC,16,7/17/2024
ON,60,7/16/2024
SolarEdge,400,7/15/2024
Salesforce,300,7/15/2024
Spotify,40,7/15/2024
Intuit,1800,7/10/2024
Redbox,1000,7/10/2024
UIPath,420,7/9/2024
UKG,2200,7/3/2024
OpenText,1200,7/3/2024
Unacademy,250,7/2/2024
Lightricks,70,7/1/2024
Upside Foods,26,7/1/2024
Sightful,20,7/1/2024
Priceline,103,6/28/2024
RealPage,260,6/27/2024
Planet,180,6/26/2024
Moxion Power,101,6/26/2024
Perion,35,6/25/2024
Flutterwave,30,6/24/2024
Ginkgo Bioworks,400,6/20/2024
Emma Sleep,200,6/19/2024
Moovit,20,6/19/2024
Wex,375,6/18/2024
PayPal,85,6/18/2024
Rapyd,30,6/18/2024
C2FO,16,6/18/2024
Chegg,441,6/17/2024
LOOP,23,6/16/2024
Care/of,143,6/15/2024
Satellogic,70,6/14/2024
Cypress.io,11,6/14/2024
Bytedance,450,6/12/2024
Paxos,65,6/12/2024
Paytm,3500,6/10/2024
Kissflow,45,6/10/2024
Copia,1060,6/6/2024
Revel,1000,6/6/2024
Simpl,30,6/6/2024
Oda,150,6/5/2024
Pagaya,100,6/5/2024
Aleph Farms,30,6/5/2024
MoonPay,30,6/5/2024
Microsoft,1000,6/3/2024
OrCam,100,6/3/2024
Google,100,5/31/2024
Tropic,40,5/31/2024
FlightStats,73,5/30/2024
ICANN,33,5/30/2024
Walnut,15,5/29/2024
Glovo,22,5/25/2024
Lucid Motors,400,5/24/2024
Satellogic,34,5/24/2024
Foursquare,105,5/23/2024
Guild,300,5/22/2024
Cue Health,180,5/22/2024
TikTok,1000,5/21/2024
Toshiba,4000,5/16/2024
Wefox,60,5/16/2024
Replit,30,5/16/2024
Atmosphere,100,5/15/2024
Singularity 6,36,5/15/2024
Indeed,1000,5/13/2024
Motional,550,5/10/2024
Rivian,120,5/10/2024
Google,57,5/10/2024
Vacasa,800,5/9/2024
Sight Diagnostics,40,5/9/2024
PrepLadder,145,5/8/2024
Simpl,100,5/8/2024
Arkane Studios,96,5/8/2024
Enovix,170,5/6/2024
Cue Health,230,5/3/2024
Rivian,150,5/3/2024
Luminar,140,5/3/2024
Sprinklr,116,5/3/2024
Bakkt,28,5/3/2024
Peloton,400,5/2/2024
Cabify,29,5/2/2024
Google,200,5/1/2024
Assurance,112,5/1/2024
Tesla,500,4/30/2024
RiseUp,50,4/30/2024
Getir,3300,4/29/2024
Ola,180,4/29/2024
Ninja Van,21,4/29/2024
HealthifyMe,150,4/27/2024
True Anomaly,30,4/25/2024
Freenome,100,4/23/2024
Heureka Group,100,4/23/2024
OutSystems,150,4/19/2024
The Good Glamm Group,150,4/18/2024
Showpad,50,4/18/2024
Stability AI,20,4/18/2024
Take-Two,579,4/16/2024
Tome,12,4/16/2024
Tesla,14000,4/15/2024
Criteo,140,4/12/2024
Glovo,25,4/12/2024
TikTok,250,4/11/2024
Fabric,30,4/11/2024
Cornershop,200,4/10/2024
Scaler,150,4/10/2024
Checkr,382,4/9/2024
Intel,62,4/9/2024
Trendsales,79,4/8/2024
Singularity 6,49,4/8/2024
Bolt.Earth,70,4/6/2024
Apple,614,4/4/2024
Lightspeed Commerce,280,4/3/2024
Ghost Autonomy,100,4/3/2024
Vivian Health,13,4/3/2024
Byju's,500,4/2/2024
Osso VR,67,4/1/2024
Identiq,20,4/1/2024
ChowNow,60,3/28/2024
Synctera,17,3/26/2024
Dell,6000,3/25/2024
ShopBack,195,3/19/2024
Orbotech,100,3/19/2024
Flock Freight,54,3/16/2024
Chipper Cash,20,3/15/2024
Ancestry,81,3/14/2024
Textio,14,3/14/2024
Stash,80,3/13/2024
Phantom Auto,100,3/12/2024
Deadspin,11,3/11/2024
Niche,24,3/8/2024
Turnitin,15,3/7/2024
Sorare,22,3/6/2024
MessageBird,90,3/5/2024
Edgio,80,3/4/2024
Melio,40,3/4/2024
Our Next Energy,40,3/4/2024
Project Ronin,150,3/1/2024
Pristyn Care,120,3/1/2024
Gro Intelligence,90,3/1/2024
Electronic Arts,670,2/28/2024
Vacasa,320,2/28/2024
OrCam,50,2/28/2024
Treasury Prime,40,2/28/2024
Sony Interactive,900,2/27/2024
Bumble,350,2/27/2024
PropertyGuru,79,2/27/2024
Expedia,1500,2/26/2024
WayCool,70,2/26/2024
Redesign Health,77,2/23/2024
Carbon Health,56,2/23/2024
Affirm,60,2/21/2024
Finder,60,2/21/2024
Aptiv,250,2/20/2024
Tails.com,55,2/20/2024
Farfetch,2000,2/16/2024
Voi,120,2/16/2024
Toast,550,2/15/2024
Sonder,106,2/15/2024
LinkSquares,90,2/15/2024
Storytel,80,2/15/2024
Gro Intelligence,20,2/15/2024
Cisco,4250,2/14/2024
Wint Wealth,19,2/14/2024
Instacart,250,2/13/2024
Redesign Health,77,2/13/2024
Mozilla,60,2/13/2024
Impinj,50,2/13/2024
Riskified,40,2/13/2024
SiriusXM,160,2/12/2024
Licious,80,2/9/2024
BlissClub,21,2/9/2024
Pure Storage,275,2/8/2024
Otovo,65,2/8/2024
Grammarly,230,2/7/2024
Fireblocks,20,2/7/2024
DocuSign,440,2/6/2024
Amazon,400,2/6/2024
Snap,500,2/5/2024
Drizly,168,2/5/2024
BillGO,80,2/5/2024
Impact.com,40,2/5/2024
Cue Health,245,2/2/2024
Top Hat,35,2/2/2024
Okta,400,2/1/2024
Zoom,150,2/1/2024
Illumina,111,2/1/2024
Polygon,60,2/1/2024
Proofpoint,280,1/31/2024
Trove Recommerce,130,1/31/2024
CircleCI,100,1/31/2024
Thinx,95,1/31/2024
Innoviz,60,1/31/2024
PayPal,2500,1/30/2024
Block,1000,1/30/2024
Kiwi.com,216,1/30/2024
Aurora Solar,111,1/30/2024
Wattpad,20,1/30/2024
TechCrunch,7,1/30/2024
iRobot,350,1/29/2024
DispatchHealth,88,1/29/2024
Salesforce,700,1/26/2024
Microsoft,1900,1/25/2024
Swiggy,400,1/25/2024
Veho,65,1/25/2024
Amperity,20,1/25/2024
MVPindex,12,1/25/2024
Cult.fit,100,1/24/2024
Personio,100,1/24/2024
Storytel,80,1/24/2024
SAP,8000,1/23/2024
eBay,1000,1/23/2024
Vroom,800,1/23/2024
Brex,282,1/23/2024
Cure.fit,120,1/23/2024
GoStudent,100,1/23/2024
Jellysmack,30,1/23/2024
GoTo,29,1/23/2024
Seedr,15,1/23/2024
Riot Games,530,1/22/2024
Xendit,200,1/22/2024
TikTok,60,1/22/2024
SolarEdge,900,1/21/2024
Wayfair,1650,1/19/2024
Amazon,30,1/18/2024
YouTube,100,1/17/2024
Sirplus,60,1/17/2024
SonderMind,49,1/16/2024
First Mode,48,1/16/2024
Veeam,300,1/12/2024
GrabCAD,13,1/12/2024
New Work SE,400,1/11/2024
Playtika,300,1/11/2024
Discord,170,1/11/2024
Inmobi,125,1/11/2024
Audible,100,1/11/2024
7Shifts,68,1/11/2024
Sisense,60,1/11/2024
Cloudflare,40,1/11/2024
Citrix,1000,1/10/2024
Google,1000,1/10/2024
IAC,330,1/10/2024
FreshDirect,100,1/10/2024
Beam Benefits,74,1/10/2024
Instagram,60,1/10/2024
Twitch,500,1/9/2024
Branch,85,1/9/2024
Nevro,63,1/9/2024
FullStory,50,1/9/2024
Uber Freight,40,1/9/2024
Rent the Runway,37,1/9/2024
Treasure Financial,14,1/9/2024
Humane,10,1/9/2024
Unity,1800,1/8/2024
Flipkart,1100,1/8/2024
NuScale Power,154,1/8/2024
Flexe,99,1/8/2024
Pitch,80,1/8/2024
BenchSci,70,1/8/2024
NanoString Technologies,50,1/6/2024
Cue Health,94,1/5/2024
Trigo,30,1/4/2024
Xerox,3000,1/3/2024
Lazada Group ,100,1/3/2024
Orca Security,60,1/3/2024
Frontdesk,200,1/2/2024
The Messenger,24,1/2/2024
Ocado,1000,12/31/2023
Paytm,1000,12/25/2023
Intel,311,12/21/2023
ShareChat,200,12/20/2023
InSightec,100,12/19/2023
Enphase Energy,350,12/18/2023
Udaan,100,12/18/2023
Checkout.com,80,12/18/2023
Arm Holdings,70,12/18/2023
eBay,20,12/17/2023
Glowforge,30,12/15/2023
Cruise,900,12/14/2023
Solarisbank,20,12/14/2023
Invitae,235,12/13/2023
Etsy,225,12/13/2023
Analog Devices,111,12/13/2023
ForgeRock,109,12/13/2023
Flex,31,12/13/2023
TomTom,45,12/12/2023
Chipper Cash,15,12/11/2023
Zulily,839,12/8/2023
Simplilearn,200,12/7/2023
Rivian,20,12/7/2023
Navan,145,12/6/2023
Tidal,40,12/6/2023
ZestMoney,150,12/5/2023
Navan,145,12/5/2023
Incredibuild,40,12/5/2023
Spotify,1500,12/4/2023
TuSimple,150,12/4/2023
Meow Wolf,8,12/4/2023
Loco,40,11/30/2023
Zepz,30,11/30/2023
Unity,265,11/28/2023
Dataminr,150,11/28/2023
VMware,2837,11/27/2023
Bytedance,1000,11/27/2023
Our Next Energy,128,11/27/2023
Alerzo,100,11/21/2023
McMakler,60,11/21/2023
Tulip Retail,25,11/21/2023
Jodo,100,11/20/2023
Physics Wallah,120,11/19/2023
NextGen Healthcare,84,11/17/2023
Sierra Space,115,11/16/2023
Paystack,33,11/16/2023
Chewy,200,11/14/2023
Sarcos,150,11/14/2023
Cake Group,50,11/14/2023
Amazon,180,11/13/2023
TripAdvisor,125,11/12/2023
Snap,20,11/8/2023
Oportun,185,11/7/2023
Zillow,23,11/7/2023
F5,120,11/3/2023
Viasat,800,11/2/2023
Beyond Meat,65,11/2/2023
Informatica,545,11/1/2023
Splunk,500,11/1/2023
Faire,250,11/1/2023
Sana Benefits,73,11/1/2023
StepStone,215,10/30/2023
Hubilo,50,10/30/2023
Hippo Insurance,120,10/26/2023
Graphy,50,10/26/2023
Salsify,110,10/25/2023
 F-Secure ,70,10/25/2023
Virgio,20,10/25/2023
SiFive,130,10/24/2023
Parity Technologies,100,10/23/2023
Roblox China,15,10/23/2023
Nomad Health,119,10/20/2023
Tropic,26,10/20/2023
Convoy,500,10/19/2023
Bullhorn,140,10/19/2023
LegalZoom,100,10/19/2023
StellarAlgo,21,10/19/2023
ManoMano,230,10/18/2023
Google,40,10/18/2023
WeTransfer,35,10/18/2023
Plume,24,10/18/2023
Expedia,100,10/17/2023
LinkedIn,660,10/16/2023
CityMall,90,10/16/2023
C2FO,80,10/16/2023
Kayak / OpenTable,80,10/16/2023
Bandcamp,58,10/16/2023
Adda247,300,10/14/2023
Qualcomm,1258,10/12/2023
Lending Club,172,10/12/2023
MariaDB,84,10/12/2023
Deepgram,20,10/11/2023
Neon,180,10/10/2023
Stitch Fix,558,10/9/2023
Carbon Health,114,10/9/2023
Blue Origin,40,10/9/2023
VTrips,75,10/7/2023
Juniper Networks,440,10/6/2023
InvestCloud,80,10/6/2023
Enovix,185,10/5/2023
Bizongo,50,10/5/2023
SchoolMint,29,10/5/2023
SeekOut,16,10/5/2023
Qualtrics,780,10/4/2023
Hopper,250,10/4/2023
Chainalysis,150,10/2/2023
Synapse,86,10/2/2023
Chia Network,26,10/2/2023
Cowbell,28,9/29/2023
N26,14,9/29/2023
Andgo,9,9/29/2023
Epic Games,870,9/28/2023
Lululemon Studio,120,9/28/2023
Snap,170,9/27/2023
Fi.Money,30,9/27/2023
Dunzo,150,9/26/2023
Flexe,131,9/26/2023
Lucid Software,75,9/25/2023
Eat Just,40,9/22/2023
Appsmith,35,9/22/2023
Roblox,30,9/22/2023
DealShare,130,9/21/2023
Merative,100,9/21/2023
Cisco,350,9/17/2023
Sage Therapeutics copy,290,9/15/2023
7shifts,30,9/15/2023
Airtable,237,9/14/2023
Project44,116,9/14/2023
VideoAmp,40,9/14/2023
Google,75,9/13/2023
Evolve,175,9/12/2023
Binance.US,100,9/12/2023
Paper,87,9/12/2023
Homeday,40,9/12/2023
At-Bay,27,9/12/2023
Eurora,111,9/11/2023
Chargebee,100,9/11/2023
Divvy Homes,94,9/11/2023
Grabango,34,9/11/2023
Drift,100,9/7/2023
Roku,360,9/6/2023
ForeScout,40,9/6/2023
MaxMilhas,82,9/5/2023
Absci,30,9/5/2023
Hodinkee,24,9/5/2023
mPharma,150,9/4/2023
Xolo,24,9/4/2023
Nexar,17,9/4/2023
Khatabook,42,9/1/2023
Pegasystems,240,8/31/2023
Biofourmis,120,8/31/2023
Malwarebytes,100,8/31/2023
SkyKick,140,8/30/2023
Omuni,60,8/30/2023
Kenko Health,50,8/30/2023
Huma,45,8/30/2023
Zeplin,37,8/30/2023
Kenko Health,50,8/29/2023
Zebra Technologies,700,8/28/2023
CoinSwitch,44,8/28/2023
HackerRank,53,8/27/2023
Cuemath,100,8/26/2023
Captiv8,8,8/24/2023
Atlas,150,8/23/2023
Veriff,101,8/23/2023
BlackLine,95,8/23/2023
Rivos,24,8/23/2023
Getir,2500,8/22/2023
Twiga,283,8/20/2023
Spartan Poker,125,8/19/2023
Times Internet ,100,8/18/2023
Detectify,30,8/18/2023
Illumina,151,8/17/2023
AppFolio,149,8/17/2023
Intel,140,8/17/2023
StreamElements,60,8/17/2023
FlexCar,20,8/16/2023
SecureWorks,300,8/14/2023
Easee,200,8/14/2023
Shutterfly,246,8/10/2023
SHINE Technologies,59,8/10/2023
Hike,55,8/10/2023
Blend,150,8/9/2023
Niantic,100,8/9/2023
Babylon Health,94,8/9/2023
Dealtale,70,8/9/2023
Thoughtworks,579,8/8/2023
Rapid7,470,8/8/2023
MPL,350,8/8/2023
Doximity,100,8/8/2023
23andMe,71,8/8/2023
Caliva,54,8/8/2023
Qomplx,60,8/4/2023
CodeClan,57,8/4/2023
Top Hat,42,8/4/2023
Discord,37,8/3/2023
Bardee,30,8/3/2023
Spinny,300,8/2/2023
Tekion,300,8/2/2023
BetterUp,100,8/2/2023
Augury,70,8/2/2023
Gem,70,8/2/2023
Gupy,58,8/2/2023
Salesforce,50,8/2/2023
FamPay,18,8/2/2023
Vesttoo,150,8/1/2023
Planet,117,8/1/2023
Paper,106,8/1/2023
Archipelago,40,8/1/2023
Qoala,80,7/31/2023
Fable,13,7/31/2023
Nexar,12,7/31/2023
Kape Technologies,200,7/30/2023
Eroad,200,7/28/2023
Kape,180,7/28/2023
Milkbasket,400,7/27/2023
Wish,255,7/27/2023
Point,61,7/27/2023
Akseleran,60,7/27/2023
Verbit,60,7/27/2023
Copia,350,7/26/2023
Figure,90,7/26/2023
Calendly,60,7/26/2023
Myntra,50,7/26/2023
Deep Instict,46,7/25/2023
PathAI,87,7/21/2023
Viaplay,450,7/20/2023
Stoa,80,7/20/2023
AgentSync,67,7/19/2023
Inspirato,50,7/19/2023
Tilia,28,7/19/2023
Microsoft,1000,7/18/2023
Cameo,80,7/18/2023
Sarcos,75,7/17/2023
Binance,1000,7/14/2023
PayScale,14,7/14/2023
Navi Technologies,200,7/13/2023
Skill Lync,200,7/13/2023
Amazon,80,7/13/2023
AudioCodes,80,7/13/2023
Tempo Automation,62,7/13/2023
Uber Freight,40,7/13/2023
Deepwatch,30,7/13/2023
Centr,22,7/13/2023
Factorial,20,7/13/2023
Peloton,11,7/13/2023
Stitch Fix,400,7/12/2023
Dapper Labs,51,7/12/2023
DeepVerge,50,7/12/2023
Freightos,50,7/12/2023
WayCool,300,7/11/2023
Matterport,170,7/11/2023
Everquote,100,7/11/2023
Sisense,100,7/11/2023
Rad Power Bikes,40,7/10/2023
Medsaf,30,7/7/2023
Amdocs,2000,7/6/2023
FNZ,1000,7/6/2023
Perfect Day,134,7/6/2023
Solidigm,98,7/6/2023
TytoCare,20,7/6/2023
Athennian,30,7/5/2023
Highsnobiety,24,7/3/2023
Zip,300,7/2/2023
Niantic,230,6/29/2023
Headspace,181,6/29/2023
Artsy,35,6/29/2023
Candy Digital,30,6/29/2023
Xiaomi India,30,6/29/2023
Torii,28,6/29/2023
Insider Intelligence,20,6/29/2023
ClickUp,90,6/28/2023
Ludia,55,6/28/2023
Karat,47,6/28/2023
Plex,37,6/28/2023
Selina,350,6/27/2023
New Relic,255,6/27/2023
Tibber,50,6/27/2023
Payoneer,200,6/26/2023
Robinhood,150,6/26/2023
Convoy,30,6/26/2023
Anaplan,300,6/21/2023
Uber,200,6/21/2023
Tackle.io,75,6/21/2023
Ritual,38,6/21/2023
Grab,1000,6/20/2023
OLX Group,800,6/20/2023
AvantStay,37,6/20/2023
Chingari,48,6/19/2023
Mojocare,170,6/17/2023
Nikola,270,6/16/2023
Qualcomm,84,6/16/2023
Pilot,45,6/16/2023
CareRev,100,6/15/2023
TADA,45,6/15/2023
Bitwise,900,6/14/2023
Sonos,130,6/14/2023
TrueCar,102,6/14/2023
Olo,81,6/14/2023
Mamaearth,80,6/14/2023
Western Digital,211,6/13/2023
JupiterOne,8,6/13/2023
Grubhub,400,6/12/2023
GoCardless,150,6/12/2023
Pendo,100,6/12/2023
Chegg,80,6/12/2023
TaxBit,80,6/11/2023
Trybe,128,6/9/2023
23andMe,75,6/9/2023
Expel,60,6/9/2023
Branch,186,6/8/2023
Cityblock Health,155,6/8/2023
Highspot,140,6/8/2023
Byju's,1000,6/7/2023
Nubank,296,6/7/2023
Sumo Logic,79,6/7/2023
Flatiron Health,39,6/7/2023
Coherent,196,6/6/2023
Edgio,134,6/6/2023
Reddit,90,6/6/2023
Linktree,60,6/6/2023
Dragos,50,6/6/2023
Unity,50,6/6/2023
Mara,6,6/6/2023
Spotify,200,6/5/2023
ZoomInfo,120,6/2/2023
Staffbase,90,6/2/2023
Haven Technologies,280,6/1/2023
Mural,170,6/1/2023
Glamyo Health,160,6/1/2023
Outbrain,90,6/1/2023
Zendesk,320,5/31/2023
ZipRecruiter,270,5/31/2023
Vendr,100,5/31/2023
McMakler,60,5/31/2023
Mux,40,5/31/2023
Away,22,5/31/2023
Taxfix,120,5/30/2023
Mensa Brands,30,5/30/2023
Evolve,164,5/29/2023
Project44,130,5/26/2023
DHI Group,53,5/26/2023
BenevolentAI,180,5/25/2023
Airmeet,75,5/25/2023
Circus Kitchens,35,5/25/2023
Jellysmack,13,5/25/2023
Guild,172,5/24/2023
WillowTree,120,5/24/2023
Flink,100,5/24/2023
Western Digital,60,5/24/2023
Reliance JioMart,1000,5/23/2023
Qualcomm,30,5/23/2023
AppFolio,62,5/22/2023
Moss,30,5/19/2023
Pie Insurance,63,5/18/2023
Stash,40,5/17/2023
Cerner,3000,5/16/2023
Zepz,420,5/16/2023
Lemonade,45,5/16/2023
Nuro,340,5/12/2023
Telenav,172,5/12/2023
Happay,160,5/12/2023
Slickdeals,79,5/12/2023
Toothsi,20,5/12/2023
Cornershop,250,5/11/2023
Varo,97,5/11/2023
Microsoft,158,5/10/2023
Redbubble,70,5/10/2023
Similarweb,60,5/10/2023
Stack Overflow,58,5/10/2023
Akamai,290,5/9/2023
Sonatype,100,5/9/2023
AudioCodes,80,5/9/2023
LinkedIn,716,5/8/2023
Cuemath,100,5/8/2023
Momentis Surgical,70,5/8/2023
Glean AI,5,5/8/2023
Twist Bioscience,270,5/5/2023
Meesho,251,5/5/2023
Teachmint,70,5/5/2023
Shopify,2300,5/4/2023
Sabre,1100,5/4/2023
Scribe Media,90,5/4/2023
Autograph,30,5/4/2023
Earnix,30,5/4/2023
Karma,20,5/4/2023
Unity,600,5/3/2023
Upwork,137,5/3/2023
Cars24,100,5/3/2023
Brightcove,70,5/3/2023
Healthy.io,70,5/3/2023
Zymergen,27,5/3/2023
TheSkimm,22,5/3/2023
Bishop Fox,50,5/2/2023
Zoomo,27,5/2/2023
SAS,250,5/1/2023
Lev,34,5/1/2023
Vah Vah!,150,4/30/2023
Cogito,177,4/29/2023
Cue Health,326,4/28/2023
N26,71,4/28/2023
Embark Vet,28,4/28/2023
Dropbox,500,4/27/2023
Alteryx,320,4/27/2023
Vroom,120,4/27/2023
Greenhouse,100,4/27/2023
Rebellion Defense,90,4/27/2023
Poppulo,85,4/27/2023
Megaport,50,4/27/2023
Airtasker,45,4/27/2023
Chief,43,4/27/2023
Tickertape,29,4/27/2023
Extramarks,300,4/26/2023
Teampay,30,4/26/2023
Skill Lync,400,4/25/2023
Rapid,115,4/25/2023
Rapid,70,4/25/2023
Flink,8000,4/24/2023
Red Hat,760,4/24/2023
BigPanda,40,4/24/2023
Lyft,1072,4/21/2023
Benchling,74,4/21/2023
BuzzFeed,180,4/20/2023
Koo,78,4/20/2023
Open,47,4/20/2023
Gloat,35,4/20/2023
F5,623,4/19/2023
WalkMe,112,4/19/2023
Opendoor,560,4/18/2023
Noon,340,4/18/2023
Culture Amp,90,4/18/2023
TRM Labs,16,4/18/2023
Ten Square Games,120,4/17/2023
Clearcover,81,4/17/2023
Paper,81,4/17/2023
Ynsect,17,4/17/2023
Drip Capital,75,4/14/2023
Community Gaming,17,4/14/2023
Snyk,128,4/13/2023
Astronomer,100,4/13/2023
Viasat,300,4/12/2023
Science 37,140,4/12/2023
Medtronic,59,4/12/2023
Milkrun,400,4/11/2023
Redfin,201,4/11/2023
Permutive,80,4/11/2023
Examedi,45,4/11/2023
Flock Freight,45,4/10/2023
Nori,10,4/10/2023
Simpl,150,4/9/2023
Practo,41,4/8/2023
Pear Therapeutics,170,4/7/2023
Workit Health,100,4/7/2023
ZestMoney,100,4/7/2023
Absolute Software,40,4/6/2023
Avocargo,16,4/6/2023
Dunzo,300,4/5/2023
Amplitude,99,4/5/2023
Talent.com,86,4/5/2023
1K Kirana,600,4/4/2023
Foundation Medicine,135,4/4/2023
Finder,40,4/4/2023
Boost,15,4/4/2023
Hyland Software,1000,4/3/2023
View,170,4/3/2023
Guideline,48,4/3/2023
Textio,15,4/3/2023
Domestika,89,3/31/2023
Hulu,200,3/30/2023
Roku,200,3/30/2023
LendingTree,150,3/30/2023
FanClash,100,3/30/2023
Loop,19,3/30/2023
Crossbeam,17,3/30/2023
Spotify,15,3/30/2023
CoverMyMeds,800,3/29/2023
Electronic Arts,780,3/29/2023
Seagate,480,3/29/2023
Drizly,100,3/29/2023
iCAD,23,3/29/2023
Lucid Motors,1300,3/28/2023
Blue Nile,119,3/28/2023
AEye,46,3/28/2023
Rackspace,275,3/27/2023
Aspiration,170,3/24/2023
Cimpress,500,3/23/2023
Veeam,200,3/23/2023
Glovo,140,3/23/2023
TakeOff,50,3/23/2023
Slite,10,3/23/2023
Indeed,2200,3/22/2023
Logitech,300,3/22/2023
Glassdoor,140,3/22/2023
Wejo,40,3/22/2023
Just Eat,1700,3/21/2023
Marvell,320,3/21/2023
Workhuman,130,3/21/2023
FreshBooks,80,3/21/2023
Xing,68,3/21/2023
Mr Yum,40,3/21/2023
Smallcase,15,3/21/2023
Amazon,9000,3/20/2023
Livspace,100,3/17/2023
Symend,50,3/17/2023
Freshworks,114,3/16/2023
Coherent,108,3/16/2023
Runtastic,70,3/16/2023
Course Hero,42,3/16/2023
Leafly,40,3/16/2023
Klaviyo,140,3/15/2023
Dukaan,56,3/15/2023
Boxed,32,3/15/2023
Nubank,30,3/15/2023
TradeWindow,25,3/15/2023
Meta,10000,3/14/2023
Fetch,100,3/14/2023
Anchorage Digital,75,3/14/2023
Avidbots,50,3/14/2023
Samsung,30,3/14/2023
Kaleidoscope,15,3/14/2023
GoTo Group,600,3/10/2023
Cookpad,80,3/10/2023
Xero,800,3/9/2023
Shopee,200,3/9/2023
Gopuff,100,3/9/2023
Wave Financial,50,3/9/2023
Morning Brew,40,3/9/2023
Wattpad,42,3/8/2023
Pristyn Care,300,3/7/2023
Zwift,80,3/7/2023
Atlassian,500,3/6/2023
SiriusXM,475,3/6/2023
Alerzo,400,3/6/2023
UKG,265,3/6/2023
UpGrad,120,3/6/2023
HomeLane,30,3/6/2023
No Fluff Jobs,13,3/4/2023
Loft,340,3/3/2023
Embark Trucks,230,3/3/2023
Lendi,100,3/3/2023
UserTesting,63,3/3/2023
Airbnb,30,3/3/2023
Zscaler,177,3/2/2023
MasterClass,79,3/2/2023
Ambev Tech,50,3/2/2023
Fittr,30,3/2/2023
CNET,12,3/2/2023
Thoughtworks,500,3/1/2023
iFood,355,3/1/2023
Color Health,300,3/1/2023
Waymo,209,3/1/2023
PayFit,200,3/1/2023
Yellow.ai,200,3/1/2023
Sonder,100,3/1/2023
Electronic Arts,200,2/28/2023
Eventbrite,80,2/28/2023
Ezoic,10,2/28/2023
Sono Motors,300,2/27/2023
Cerebral,285,2/27/2023
Amount,130,2/27/2023
Palantir,75,2/27/2023
Outreach,70,2/27/2023
Stytch,19,2/27/2023
BitSight,40,2/26/2023
Twitter,200,2/25/2023
Ericsson,8500,2/24/2023
SAP Labs,300,2/24/2023
Velodyne Lidar,220,2/24/2023
Medallia,59,2/24/2023
Eat Just,40,2/24/2023
Lucira Health,26,2/24/2023
Stax,24,2/24/2023
Merative,200,2/23/2023
OneFootball,150,2/23/2023
The Iconic,69,2/23/2023
EVgo,40,2/23/2023
StrongDM,40,2/23/2023
Synamedia,200,2/22/2023
TaskUs,186,2/22/2023
Green Labs,350,2/21/2023
Polygon,100,2/21/2023
Crunchyroll,85,2/21/2023
Ethos Life,50,2/21/2023
Basis Technologies,40,2/21/2023
Bolt,17,2/21/2023
MyGate,200,2/20/2023
Fireblocks,30,2/20/2023
Kinde,8,2/20/2023
HP,100,2/19/2023
Micron,2400,2/17/2023
Tencent,300,2/17/2023
Evernote,129,2/17/2023
Chipper Cash,100,2/17/2023
DocuSign,680,2/16/2023
Pico Interactive,400,2/16/2023
The RealReal,230,2/16/2023
Smartsheet,85,2/16/2023
Wix,370,2/15/2023
ServiceTitan,221,2/15/2023
Neon,210,2/15/2023
Jellysmack,208,2/15/2023
DigitalOcean,200,2/15/2023
Sprinklr,100,2/15/2023
Betterment,28,2/15/2023
Blackbaud,500,2/14/2023
CommerceHub,371,2/14/2023
Dropp,60,2/14/2023
Twilio,1500,2/13/2023
Electric,141,2/13/2023
EMX Digital,100,2/13/2023
PetLove,94,2/13/2023
iRobot,85,2/13/2023
Collective Health,54,2/13/2023
Magic Eden,22,2/13/2023
Moladin,360,2/12/2023
TripleLift,100,2/10/2023
Titan Medical,48,2/10/2023
TikTok India,40,2/10/2023
Syft Technologies,30,2/10/2023
Yahoo,1600,2/9/2023
Misfits Market,649,2/9/2023
Deliveroo,350,2/9/2023
Olive AI,215,2/9/2023
Oportun,155,2/9/2023
GitLab,130,2/9/2023
Bark,126,2/9/2023
Veriff,66,2/9/2023
REE Automotive,31,2/9/2023
GoDaddy,530,2/8/2023
Affirm,500,2/8/2023
Gusto,126,2/8/2023
Gong,80,2/8/2023
Beam Benefits,31,2/8/2023
Equitybee,24,2/8/2023
Zoom,1300,2/7/2023
eBay,500,2/7/2023
SecureWorks,212,2/7/2023
Salesloft,100,2/7/2023
Openpay,83,2/7/2023
LearnUpon,27,2/7/2023
Dell,6650,2/6/2023
Loggi,300,2/6/2023
Catch.com.au,100,2/6/2023
VinFast US,80,2/6/2023
Drift,59,2/6/2023
Pocket Aces,50,2/6/2023
Clari,20,2/6/2023
Kyruus,70,2/5/2023
Lightico,20,2/5/2023
Eightfold AI,90,2/3/2023
FarEye,90,2/3/2023
Protocol Labs,89,2/3/2023
Byju's,1500,2/2/2023
Okta,300,2/2/2023
Autodesk,250,2/2/2023
Mindstrong,127,2/2/2023
NCC Group,125,2/2/2023
Miro,119,2/2/2023
Getir,100,2/2/2023
Highspot,100,2/2/2023
Bittrex,80,2/2/2023
Snowplow,40,2/2/2023
Articulate,38,2/2/2023
Splunk,325,2/1/2023
Pinterest,150,2/1/2023
DraftKings,140,2/1/2023
Cyren,121,2/1/2023
Workato,90,2/1/2023
VerticalScope,60,2/1/2023
Wheel,56,2/1/2023
Chainalysis,44,2/1/2023
Appgate,34,2/1/2023
Exterro,24,2/1/2023
TheSkimm,17,2/1/2023
PayPal,2000,1/31/2023
NetApp,960,1/31/2023
Workday,525,1/31/2023
HubSpot,500,1/31/2023
Upstart,365,1/31/2023
Software AG,200,1/31/2023
Wish,150,1/31/2023
Wefox,100,1/31/2023
Tilting Point,60,1/31/2023
Gokada,54,1/31/2023
Nubank,40,1/31/2023
AU10TIX,19,1/31/2023
Philips,6000,1/30/2023
OLX Group,1500,1/30/2023
Arrival,800,1/30/2023
Groupon,500,1/30/2023
Intel,343,1/30/2023
Glovo,250,1/30/2023
Delivery Hero,156,1/30/2023
Impossible Foods copy,140,1/30/2023
Chrono24,65,1/30/2023
Me Poupe,60,1/28/2023
CoinTracker,19,1/28/2023
SSense,138,1/27/2023
DealShare,100,1/27/2023
Ruggable,100,1/27/2023
Synopsys,100,1/27/2023
Heycar,73,1/27/2023
Matrixport,29,1/27/2023
Shakepay,21,1/27/2023
#Paid,19,1/27/2023
SAP,3000,1/26/2023
Confluent,221,1/26/2023
Glisser,25,1/26/2023
IBM,3900,1/25/2023
Lam Research,1300,1/25/2023
Shutterfly,360,1/25/2023
Luno,330,1/25/2023
Clear Capital,250,1/25/2023
Guardant Health,130,1/25/2023
SirionLabs,130,1/25/2023
Tier Mobility,80,1/25/2023
Vacasa,1300,1/24/2023
Innovaccer,245,1/24/2023
Bolt,50,1/24/2023
PartnerStack,40,1/24/2023
Gitpod,21,1/24/2023
OFFOR Health,16,1/24/2023
Venngage,11,1/24/2023
Spotify,600,1/23/2023
Uber Freight,150,1/23/2023
Inmobi,50,1/23/2023
Innovid,40,1/23/2023
Booktopia,30,1/23/2023
Ermetic,30,1/23/2023
Namogoo,20,1/23/2023
Google,12000,1/20/2023
Wayfair,1750,1/20/2023
Swiggy,380,1/20/2023
MediBuddy,200,1/20/2023
Vox Media,130,1/20/2023
BitTorrent,92,1/20/2023
Karat,47,1/20/2023
Enjoei,31,1/20/2023
Edifecs,30,1/20/2023
Citrine Informatics,22,1/20/2023
Capital One,1100,1/19/2023
Proterra,300,1/19/2023
WeWork ,300,1/19/2023
Hubilo,115,1/19/2023
Saks.com,100,1/19/2023
CS Disco,62,1/19/2023
Riot Games,46,1/19/2023
Hydrow,30,1/19/2023
Microsoft,10000,1/18/2023
Sophos,450,1/18/2023
Teladoc Health,300,1/18/2023
Vroom,275,1/18/2023
8x8,155,1/18/2023
Pagaya,140,1/18/2023
Benevity,137,1/18/2023
Inspirato,109,1/18/2023
Jumpcloud,100,1/18/2023
nCino,100,1/18/2023
Starry,100,1/18/2023
Hootsuite,70,1/18/2023
Clue,31,1/18/2023
Addepar,20,1/18/2023
Lightspeed Commerce,300,1/17/2023
Unity,284,1/17/2023
Britishvolt,206,1/17/2023
Clutch,150,1/17/2023
Exotel,142,1/17/2023
Unico,110,1/17/2023
Tul,100,1/17/2023
American Robotics,50,1/17/2023
Luxury Presence,44,1/17/2023
RingCentral,30,1/17/2023
PagBank,500,1/16/2023
ShareChat,500,1/16/2023
Gramophone,75,1/16/2023
ClearCo,50,1/16/2023
Captain Fresh ,120,1/15/2023
Snappy,100,1/15/2023
BharatAgri,40,1/15/2023
Black Shark,900,1/13/2023
Ola,200,1/13/2023
Bonterra ,140,1/13/2023
Vial,40,1/13/2023
Lending Club,225,1/12/2023
SmartNews,120,1/12/2023
Skit.ai,115,1/12/2023
Pier,111,1/12/2023
Blockchain.com,110,1/12/2023
Lattice,105,1/12/2023
Greenlight,104,1/12/2023
Cashfree Payments,100,1/12/2023
Mapbox,64,1/12/2023
Definitive Healthcare,55,1/12/2023
Akili Labs,46,1/12/2023
Career Karma,22,1/12/2023
Flexport,640,1/11/2023
Qualtrics,270,1/11/2023
Verily,250,1/11/2023
Tipalti,123,1/11/2023
Jumio,100,1/11/2023
CoinDCX,80,1/11/2023
HashiCorp,69,1/11/2023
Embark Vet,41,1/11/2023
Intrinsic,40,1/11/2023
Citizen,33,1/11/2023
Coinbase,950,1/10/2023
Informatica,450,1/10/2023
Blend,340,1/10/2023
Till Payments,120,1/10/2023
ConsenSys,100,1/10/2023
ForeScout,100,1/10/2023
Thinkific,76,1/10/2023
LEAD,60,1/10/2023
Parler,60,1/10/2023
GoBolt,55,1/10/2023
Relevel,40,1/10/2023
StreamElements,40,1/10/2023
Cart.com,25,1/10/2023
Fate Therapeutics,315,1/9/2023
Minute Media,50,1/8/2023
WalkMe,43,1/8/2023
Huobi,275,1/6/2023
Carbon Health,200,1/6/2023
Bounce,40,1/6/2023
Cue,388,1/5/2023
SoundHound,200,1/5/2023
Socure,104,1/5/2023
Genesis,60,1/5/2023
Moglix,40,1/5/2023
Twitter,40,1/5/2023
Everlane,30,1/5/2023
Pecan AI,30,1/5/2023
Personetics,30,1/5/2023
Twine Solutions ,30,1/5/2023
UpScalio,25,1/5/2023
Amazon,8000,1/4/2023
Salesforce,8000,1/4/2023
Astronomer,76,1/4/2023
Kaltura,75,1/4/2023
Augury,20,1/4/2023
Pegasystems,245,1/3/2023
Uniphore,76,1/3/2023
Harappa,60,1/3/2023
Amdocs,700,1/2/2023
Micron,4800,1/1/2023
Ezoic,35,12/31/2022
PayU,150,12/26/2022
Willow,99,12/23/2022
Back Market,93,12/23/2022
Zoopla,50,12/23/2022
Qualcomm,153,12/22/2022
TuSimple,350,12/21/2022
Chope,65,12/20/2022
Briza,26,12/20/2022
Homebot,18,12/19/2022
Tomorrow,30,12/16/2022
Revelate,24,12/16/2022
BigCommerce,180,12/15/2022
Freshworks,90,12/15/2022
LeafLink,80,12/15/2022
Workmotion,60,12/15/2022
JD.ID,200,12/14/2022
GoStudent,100,12/14/2022
Quanergy Systems,72,12/14/2022
Headspace,50,12/14/2022
ChowNow,40,12/14/2022
Thumbtack,160,12/13/2022
Edgio,95,12/13/2022
Komodo Health,78,12/13/2022
Viant,46,12/13/2022
Pluralsight,400,12/12/2022
Freshly,329,12/12/2022
Balto,35,12/12/2022
Outschool,43,12/10/2022
Xentral,20,12/10/2022
Playtika,600,12/9/2022
Bol.com,300,12/9/2022
Share Now,150,12/9/2022
Alice,113,12/9/2022
Primer,85,12/9/2022
OneFootball,62,12/9/2022
C2FO,20,12/9/2022
Airtable,254,12/8/2022
Swiggy,250,12/8/2022
Glints,198,12/8/2022
Buser,160,12/8/2022
BlackLine,95,12/8/2022
Chrono24,80,12/8/2022
Otonomo,80,12/8/2022
TechTarget,60,12/8/2022
Inscripta,43,12/8/2022
CyCognito,30,12/8/2022
Armis,25,12/8/2022
Vedantu,385,12/7/2022
Loft,312,12/7/2022
Plaid,260,12/7/2022
Motive,237,12/7/2022
Recur Forever,235,12/7/2022
Relativity,150,12/7/2022
Voi,130,12/7/2022
Integral Ad Science,120,12/7/2022
Houzz,95,12/7/2022
Grover,40,12/7/2022
Lev,30,12/7/2022
Lithic,27,12/7/2022
Doma,515,12/6/2022
Intel,201,12/6/2022
BuzzFeed,180,12/6/2022
Weedmaps,175,12/6/2022
Adobe,100,12/6/2022
Chipper Cash,50,12/6/2022
Stash,32,12/6/2022
Perimeter 81,20,12/6/2022
Koinly,16,12/6/2022
Bridgit,13,12/6/2022
Swyftx,90,12/5/2022
Aqua Security,65,12/5/2022
DataRails,30,12/5/2022
OYO,600,12/3/2022
HealthifyMe,150,12/3/2022
Cognyte,100,12/2/2022
ShareChat,100,12/2/2022
Polly,47,12/2/2022
Carousell,110,12/1/2022
Bizzabo,100,12/1/2022
BloomTech,88,12/1/2022
Netlify,48,12/1/2022
Springbig,37,12/1/2022
DoorDash,1250,11/30/2022
Kraken,1100,11/30/2022
Happy Money,158,11/30/2022
Ula,134,11/30/2022
Wonder,130,11/30/2022
StudySmarter,70,11/30/2022
Grin,60,11/30/2022
Ual√°,53,11/30/2022
Teachmint,45,11/30/2022
Etermax,40,11/30/2022
Thread,30,11/30/2022
Nexar,25,11/30/2022
Bitso,100,11/29/2022
Lyst,50,11/29/2022
CoinJar,10,11/29/2022
Infarm,500,11/28/2022
Wildlife Studios,300,11/28/2022
Hirect,200,11/28/2022
ApplyBoard,90,11/28/2022
Ajaib,67,11/28/2022
Candy Digital,33,11/28/2022
ResearchGate,25,11/28/2022
VerSe Innovation,150,11/25/2022
Carwow,70,11/25/2022
Vendease,27,11/25/2022
Lemon,100,11/24/2022
Quidax,20,11/24/2022
Western Digital,251,11/22/2022
SIRCLO,160,11/22/2022
Movidesk,118,11/22/2022
Trax,80,11/22/2022
Jumia,900,11/21/2022
Kitopi,93,11/21/2022
Zomato,100,11/19/2022
Carvana,1500,11/18/2022
Nuro,300,11/18/2022
Synthego,105,11/18/2022
Splyt,57,11/18/2022
Roku,200,11/17/2022
Orchard,180,11/17/2022
Homepoint,113,11/17/2022
Juni,72,11/17/2022
Chili Piper,58,11/17/2022
Capitolis,37,11/17/2022
TealBook,34,11/17/2022
Koho,15,11/17/2022
&Open,9,11/17/2022
Amazon,10000,11/16/2022
Cisco,4100,11/16/2022
Twiga,211,11/16/2022
Wayflyer,200,11/16/2022
Similarweb,120,11/16/2022
Salsify,90,11/16/2022
Lokalise,76,11/16/2022
Yotpo,70,11/16/2022
Pear Therapeutics,59,11/16/2022
UiPath,241,11/15/2022
Asana,180,11/15/2022
OwnBackup,170,11/15/2022
Deliveroo Australia,120,11/15/2022
Productboard,100,11/15/2022
Properly,71,11/15/2022
Protocol,60,11/15/2022
Jimdo,50,11/15/2022
The Zebra,50,11/15/2022
Viber,45,11/15/2022
CaptivateIQ,31,11/15/2022
Illumina,500,11/14/2022
Sema4,500,11/14/2022
iFit,300,11/14/2022
Ribbon,170,11/14/2022
Pipedrive,143,11/14/2022
Intercom,124,11/14/2022
Science 37 ,90,11/14/2022
Pear Therapeutics,59,11/14/2022
Cardlytics,51,11/14/2022
Cloudinary,40,11/14/2022
Nestcoin,30,11/14/2022
Gokada,20,11/14/2022
Veev,100,11/11/2022
Forto,60,11/11/2022
GoTo Group,1300,11/10/2022
Juul,400,11/10/2022
Blend,100,11/10/2022
InfluxData,65,11/10/2022
Coinbase,60,11/10/2022
SoundHound,45,11/10/2022
Wistia,40,11/10/2022
Ocavu,20,11/10/2022
Meta,11000,11/9/2022
Redfin,862,11/9/2022
Flyhomes,300,11/9/2022
AvantStay,144,11/9/2022
Root Insurance,137,11/9/2022
Liftoff,130,11/9/2022
Cameo,80,11/9/2022
Plum,36,11/9/2022
Kabam,35,11/9/2022
HighRadius,25,11/9/2022
Namogoo,25,11/9/2022
EverBridge,200,11/8/2022
Repertoire Immune Medicines,65,11/8/2022
Salesforce,1000,11/7/2022
Unacademy,350,11/7/2022
Zendesk,350,11/7/2022
Dock,190,11/7/2022
Varonis,110,11/6/2022
Brainly,25,11/6/2022
Twitter,3700,11/4/2022
Udaan,350,11/4/2022
Planetly,200,11/4/2022
KoinWorks,70,11/4/2022
Exodus,59,11/4/2022
Stripe,1000,11/3/2022
Lyft,700,11/3/2022
LendingTree,200,11/3/2022
Pleo,150,11/3/2022
Delivery Hero,100,11/3/2022
Shippo,60,11/3/2022
Opendoor,550,11/2/2022
Chime,156,11/2/2022
Chargebee,142,11/2/2022
Dapper Labs,134,11/2/2022
Checkmarx,100,11/2/2022
Smava,100,11/2/2022
Iron Ox,50,11/2/2022
Digital Currency Gruop,10,11/2/2022
Argo AI,259,11/1/2022
Booking.com,226,11/1/2022
Oracle,200,11/1/2022
Upstart,140,11/1/2022
Gem,100,11/1/2022
Oda,70,11/1/2022
Oda,70,11/1/2022
Oda,70,11/1/2022
Hootsuite,50,11/1/2022
Drop,24,11/1/2022
Tapps Games,10,11/1/2022
Kry,300,10/31/2022
Notarize,60,10/31/2022
EquityZen,30,10/31/2022
Equitybee,25,10/31/2022
Dukaan,23,10/31/2022
Amazon,150,10/28/2022
Fifth Season,100,10/28/2022
Advata,32,10/28/2022
RenoRun,210,10/27/2022
Recharge,84,10/27/2022
Lattice,13,10/27/2022
Seagate,3000,10/26/2022
MindBody,400,10/26/2022
Zillow,300,10/26/2022
Cybereason,200,10/26/2022
Argo AI,173,10/26/2022
GoFundMe,94,10/26/2022
Fundbox,150,10/25/2022
Embroker,30,10/25/2022
Vee,17,10/25/2022
Philips,4000,10/24/2022
Cerebral,400,10/24/2022
Snyk,198,10/24/2022
McMakler,100,10/24/2022
Unico,50,10/24/2022
OrCam,62,10/23/2022
Antidote Health,23,10/23/2022
Khoros,120,10/21/2022
F5,100,10/21/2022
Elinvar,43,10/21/2022
Synapsica,30,10/21/2022
Hotmart,227,10/20/2022
Zeus Living,64,10/20/2022
Loom,23,10/20/2022
Sales Boomerang,20,10/20/2022
Gopuff,250,10/19/2022
AtoB,32,10/19/2022
InfoSum,20,10/19/2022
Faire,84,10/18/2022
Leafly,56,10/18/2022
Ada Health,50,10/17/2022
Tiendanube,50,10/17/2022
Flipboard,24,10/16/2022
Clear Capital,378,10/14/2022
Beyond Meat,200,10/14/2022
Beyond Meat,200,10/14/2022
Salesforce,90,10/13/2022
Playdots,65,10/13/2022
Byju's,2500,10/12/2022
6sense,150,10/12/2022
Sinch,150,10/12/2022
FrontRow,130,10/12/2022
Noom,500,10/11/2022
MX,200,10/11/2022
Brex,136,10/11/2022
Pacaso,100,10/11/2022
Sketch,80,10/11/2022
Udacity,55,10/11/2022
Linkfire,35,10/11/2022
HelloFresh,611,10/10/2022
Momentive,180,10/10/2022
Pavilion Data,96,10/10/2022
Redesign Health,67,10/10/2022
BioMarin,120,10/7/2022
Rev.com,85,10/7/2022
Crypto.com,2000,10/6/2022
Peloton,500,10/6/2022
Landing,110,10/6/2022
Turnitin,51,10/6/2022
Impossible Foods,50,10/6/2022
Built In,50,10/5/2022
8x8,200,10/4/2022
Zoomo,65,10/4/2022
Homie,40,10/4/2022
WazirX,60,10/2/2022
Spin,78,9/30/2022
Westwing,125,9/29/2022
Mux,40,9/29/2022
DocuSign,671,9/28/2022
Divvy Homes,40,9/27/2022
Konfio,180,9/23/2022
Moss,70,9/23/2022
Foxtrot,26,9/23/2022
Truiloo,24,9/23/2022
NYDIG,110,9/22/2022
Klarna,100,9/22/2022
Kitty Hawk,100,9/21/2022
Compass,271,9/20/2022
Curative,109,9/20/2022
Ada,78,9/20/2022
99,75,9/20/2022
Ola,200,9/19/2022
Vesalius Therapeutics,29,9/19/2022
Clear,190,9/16/2022
TrueLayer,40,9/16/2022
LivePerson,193,9/15/2022
Acast,70,9/15/2022
WorkRamp,35,9/15/2022
Twilio,800,9/14/2022
Pitch,59,9/14/2022
Infarm,50,9/14/2022
Netflix,30,9/14/2022
Rubius,160,9/13/2022
Checkout.com,100,9/13/2022
Taboola,100,9/13/2022
Patreon,80,9/13/2022
Quicko,60,9/12/2022
Mode Analytics,25,9/12/2022
Compete,11,9/12/2022
SkipTheDishes,350,9/9/2022
Brighte,58,9/9/2022
Patreon,5,9/9/2022
GoStudent,200,9/8/2022
Pomelo Fashion,55,9/8/2022
Genome Medical,23,9/8/2022
Simple Feast,150,9/7/2022
Foodpanda,60,9/7/2022
Uber,60,9/7/2022
Rupeek,50,9/7/2022
Intercom,49,9/7/2022
Pendo,45,9/7/2022
Demandbase,27,9/7/2022
Brave Care,40,9/6/2022
Lawgeex,30,9/6/2022
Kuda,23,9/2/2022
2TM,100,9/1/2022
Innovaccer,90,9/1/2022
Shopify,70,9/1/2022
Urban Sports Club,55,9/1/2022
Hedvig,12,9/1/2022
Snap,1280,8/31/2022
GoodRx,140,8/31/2022
Smava,100,8/31/2022
Hippo Insurance,70,8/31/2022
Clari,45,8/31/2022
Koo,40,8/31/2022
TCR2,30,8/31/2022
Apartment List,29,8/31/2022
Artnight,26,8/31/2022
Electric,81,8/30/2022
Immersive Labs,38,8/30/2022
Nate,30,8/30/2022
Meesho,300,8/29/2022
54gene,95,8/29/2022
Zymergen,80,8/26/2022
Okta,24,8/26/2022
Argyle,20,8/26/2022
FreshDirect,40,8/25/2022
Loja Integrada,25,8/25/2022
Reali,140,8/24/2022
Loop,15,8/24/2022
Tier Mobility,180,8/23/2022
Packable,138,8/23/2022
Q4,50,8/23/2022
Skedulo,31,8/23/2022
Plato,29,8/23/2022
NSO,100,8/21/2022
Tufin,55,8/21/2022
Amperity,13,8/20/2022
Wayfair,870,8/19/2022
Stripe,50,8/19/2022
Hodlnaut,40,8/19/2022
New Relic,110,8/18/2022
Wheel,35,8/18/2022
Malwarebytes,125,8/17/2022
Fluke,83,8/17/2022
Swyftx,74,8/17/2022
Tempo Automation,54,8/17/2022
Genesis,52,8/17/2022
Warren,50,8/17/2022
AlayaCare,80,8/16/2022
Pliops,12,8/16/2022
Woven,5,8/16/2022
Sema4,250,8/15/2022
Blend,220,8/15/2022
ContraFect,16,8/15/2022
Anywell,11,8/14/2022
Peloton,784,8/12/2022
Truepill,175,8/11/2022
Calm,90,8/11/2022
FourKites,60,8/11/2022
Marketforce,54,8/11/2022
Betterfly,30,8/11/2022
Expert360,7,8/11/2022
Trybe,47,8/10/2022
Permutive,30,8/10/2022
GoHealth,800,8/9/2022
Hootsuite,400,8/9/2022
Nutanix,270,8/9/2022
Quanterix,130,8/9/2022
Wix,100,8/9/2022
MadeiraMadeira,60,8/9/2022
Melio,60,8/9/2022
Linktree,50,8/9/2022
Shogun,48,8/9/2022
Absci,40,8/9/2022
Dooly,12,8/9/2022
Groupon,500,8/8/2022
Loggi,500,8/8/2022
Vroom,337,8/8/2022
Warby Parker,63,8/8/2022
Labelbox,36,8/8/2022
Perion,20,8/8/2022
iRobot,140,8/5/2022
Mejuri,50,8/5/2022
Uberflip,31,8/5/2022
Doma,250,8/4/2022
Article,216,8/4/2022
Jam City,200,8/4/2022
10X Genomics,100,8/4/2022
LEAD,80,8/4/2022
Zendesk,80,8/4/2022
On Deck,73,8/4/2022
RenoRun,70,8/4/2022
RingCentral,50,8/4/2022
Healthcare.com,149,8/3/2022
Unbounce,47,8/3/2022
Beyond Meat,40,8/3/2022
The Org,13,8/3/2022
Robinhood,713,8/2/2022
Latch,115,8/2/2022
Vedantu,100,8/2/2022
Seegrid,90,8/2/2022
Nylas,80,8/2/2022
Outreach,60,8/2/2022
Sendy,54,8/2/2022
The Predictive Index,40,8/2/2022
Sendy,30,8/2/2022
Stedi,23,8/2/2022
Glossier,19,8/2/2022
Hash,58,8/1/2022
Metigy,75,7/31/2022
Vee,16,7/31/2022
Ola,1000,7/29/2022
Clearco,125,7/29/2022
Imperfect Foods,50,7/29/2022
Shelf Engine,43,7/29/2022
Quantcast,40,7/29/2022
Sherpa,22,7/29/2022
Ribbon,136,7/28/2022
Career Karma,60,7/28/2022
Metromile,60,7/28/2022
Laybuy,45,7/28/2022
Allbirds,23,7/28/2022
TextNow,22,7/28/2022
Rivian,840,7/27/2022
Vox Media,39,7/27/2022
Coinsquare,30,7/27/2022
Skai,30,7/27/2022
Shopify,1000,7/26/2022
McMakler,90,7/26/2022
Fiverr,60,7/26/2022
InDebted,40,7/26/2022
Outbrain,38,7/26/2022
Dover,23,7/26/2022
Immutable,20,7/26/2022
Zymergen,80,7/25/2022
Pear Therapeutics ,25,7/25/2022
Soluto,120,7/24/2022
Eucalyptus,50,7/22/2022
Workstream,45,7/22/2022
Quanto,28,7/22/2022
Clarify Health,15,7/22/2022
Blockchain.com,150,7/21/2022
Callisto Media,140,7/21/2022
AppGate,130,7/21/2022
WHOOP,95,7/21/2022
Rad Power Bikes,63,7/21/2022
Lunchbox,60,7/21/2022
RealSelf,11,7/21/2022
Just Eat Takeaway,390,7/20/2022
Flyhomes,200,7/20/2022
Varo,75,7/20/2022
BlueStacks,60,7/20/2022
Lyft,60,7/20/2022
Introhive,57,7/20/2022
Zencity,30,7/20/2022
Splice,23,7/20/2022
Forma.ai,15,7/20/2022
Arc,13,7/20/2022
Invitae,1000,7/19/2022
Olive,450,7/19/2022
M1,38,7/19/2022
SellerX,28,7/19/2022
Stint,28,7/19/2022
PACT Pharma,94,7/18/2022
Gemini,68,7/18/2022
Lusha,30,7/18/2022
Bright Money,100,7/15/2022
Project44,63,7/15/2022
Heroes,24,7/15/2022
Aspire,23,7/15/2022
Zego,85,7/14/2022
The Mom Project,54,7/14/2022
Unstoppable Domains,42,7/14/2022
Kiavi,39,7/14/2022
Wave,300,7/13/2022
Tonal,262,7/13/2022
Fabric,120,7/13/2022
Bryter,100,7/13/2022
ChowNow,100,7/13/2022
Involves,70,7/13/2022
100 Thieves,12,7/13/2022
Nuro,7,7/13/2022
Gopuff,1500,7/12/2022
Fraazo,150,7/12/2022
Babylon,100,7/12/2022
Hubilo,45,7/12/2022
Hopin,242,7/11/2022
Alice,63,7/11/2022
SundaySky,24,7/11/2022
PuduTech,1500,7/8/2022
Butler Hospitality,1000,7/8/2022
Calibrate,156,7/8/2022
Argo AI,150,7/7/2022
Next Insurance,150,7/7/2022
Adwerx,40,7/7/2022
Emotive,30,7/7/2022
Remote,100,7/6/2022
Shopify,50,7/6/2022
Anodot,35,7/6/2022
SQream,30,7/6/2022
Anodot,15,7/6/2022
Loft,384,7/5/2022
Bizzabo,120,7/5/2022
eToro,100,7/5/2022
Verbit,80,7/5/2022
Outschool,31,7/5/2022
Bullish,30,7/5/2022
Transmit Security,27,7/5/2022
Thimble,20,7/5/2022
Syte,13,7/5/2022
Lightricks,80,7/4/2022
Chessable,29,7/4/2022
Sendle,27,7/4/2022
Lendis,18,7/4/2022
Gorillas,540,7/3/2022
Celsius,150,7/3/2022
WanderJaunt,85,7/1/2022
Canoo,58,7/1/2022
Bamboo Health,52,7/1/2022
Teleport,15,7/1/2022
Enjoy,400,6/30/2022
Crejo.Fun,170,6/30/2022
Stash Financial,40,6/30/2022
Nate,30,6/30/2022
Snyk,30,6/30/2022
Stream,20,6/30/2022
Finleap Connect,14,6/30/2022
Abra,12,6/30/2022
Toppr,350,6/29/2022
Unity,200,6/29/2022
Niantic,85,6/29/2022
AvantStay,80,6/29/2022
Qumulo,80,6/29/2022
Clutch,76,6/29/2022
Parallel Wireless,60,6/29/2022
Oye Rickshaw,40,6/29/2022
Rows,18,6/29/2022
Baton,16,6/29/2022
Substack,13,6/29/2022
Huobi,300,6/28/2022
WhiteHat Jr,300,6/28/2022
StockX,120,6/28/2022
Sidecar Health,110,6/28/2022
StockX,80,6/28/2022
Vezeeta,50,6/28/2022
Bright Machines,30,6/28/2022
HealthMatch,18,6/28/2022
AppLovin,300,6/27/2022
UiPath,210,6/27/2022
Udaan,180,6/27/2022
Cue,170,6/27/2022
Banxa,70,6/27/2022
SafeGraph,27,6/27/2022
Postscript,43,6/26/2022
Bitpanda,270,6/24/2022
Sunday,90,6/24/2022
Bestow,41,6/24/2022
Ethos Life,40,6/24/2022
Netflix,300,6/23/2022
Aura,70,6/23/2022
Pipl,22,6/23/2022
Vouch,15,6/23/2022
Voyage SMS,8,6/23/2022
MasterClass,120,6/22/2022
IronNet,90,6/22/2022
Bungalow,70,6/22/2022
IronNet,55,6/22/2022
Sprinklr,50,6/22/2022
Superpedestrian,35,6/22/2022
Voi,35,6/22/2022
Balto,30,6/22/2022
Ritual,23,6/22/2022
Ebanx,340,6/21/2022
TaskUs,52,6/21/2022
Community,40,6/21/2022
Sourcegraph,24,6/21/2022
Bybit,600,6/20/2022
SummerBio,101,6/20/2022
Trax,100,6/20/2022
Aqgromalin,80,6/20/2022
Bonsai,30,6/20/2022
Brighte,30,6/20/2022
CityMall,191,6/19/2022
BitOasis,9,6/19/2022
Unacademy,150,6/18/2022
Bytedance,150,6/17/2022
Socure,69,6/17/2022
Finite State,16,6/17/2022
JOKR,50,6/16/2022
Zumper,45,6/16/2022
PharmEasy,40,6/16/2022
Swappie,250,6/15/2022
Wealthsimple,159,6/15/2022
Weee!,150,6/15/2022
Notarize,110,6/15/2022
Elementor,60,6/15/2022
Tonkean,23,6/15/2022
Airtame,15,6/15/2022
OpenWeb,14,6/15/2022
Swyft,10,6/15/2022
Coinbase,1100,6/14/2022
Redfin,470,6/14/2022
Compass,450,6/14/2022
Sami,75,6/14/2022
Breathe,50,6/14/2022
Hunty,30,6/14/2022
TIFIN,24,6/14/2022
BlockFi,250,6/13/2022
Wave Sports and Entertainment,56,6/13/2022
Studio,33,6/13/2022
Crypto.com,260,6/10/2022
FarEye,250,6/10/2022
Berlin Brands Group,100,6/10/2022
Sanar,60,6/10/2022
Freetrade,45,6/10/2022
Albert,20,6/10/2022
OneTrust,950,6/9/2022
Stitch Fix,330,6/9/2022
Daniel Wellington,200,6/9/2022
Convoy,90,6/9/2022
Hologram,80,6/9/2022
Boozt,70,6/9/2022
The Grommet,40,6/9/2022
Stashaway,31,6/9/2022
Preply,26,6/9/2022
Sonder,250,6/8/2022
Kavak,150,6/8/2022
Truepill,150,6/8/2022
iPrice Group,50,6/8/2022
Cazoo,750,6/7/2022
Cazoo,750,6/7/2022
Rupeek,180,6/7/2022
Lummo,150,6/7/2022
Bird,138,6/7/2022
ID.me,130,6/7/2022
KiwiCo,40,6/7/2022
Clearco,60,6/6/2022
Dutchie,50,6/6/2022
Eruditus,40,6/4/2022
Afterverse,60,6/3/2022
Superhuman,23,6/3/2022
Food52,21,6/3/2022
Carbon Health,250,6/2/2022
Favo,170,6/2/2022
PolicyGenius,170,6/2/2022
Yojak,140,6/2/2022
Envato,100,6/2/2022
Gemini,100,6/2/2022
Stord,59,6/2/2022
Gather,30,6/2/2022
Shef,29,6/2/2022
IRL,25,6/2/2022
TomTom,500,6/1/2022
Cybereason,100,6/1/2022
Udayy,100,6/1/2022
2TM,90,6/1/2022
Curve,65,6/1/2022
Loom,34,6/1/2022
Skillshare,31,6/1/2022
Impala,30,6/1/2022
Eaze,25,6/1/2022
Playtika,250,5/31/2022
Replicated,50,5/31/2022
Tomo,44,5/31/2022
Getta,30,5/31/2022
BookClub,12,5/31/2022
SWVL,400,5/30/2022
Mobile Premier League,100,5/30/2022
SumUp,100,5/30/2022
FrontRow,145,5/27/2022
Daloopa,40,5/27/2022
Uncapped,29,5/27/2022
VTEX,200,5/26/2022
Bitso,80,5/26/2022
Foodpanda,80,5/26/2022
Dazn,50,5/26/2022
Lacework,300,5/25/2022
Bolt,240,5/25/2022
PeerStreet,75,5/25/2022
Kontist,50,5/25/2022
Nuri,45,5/25/2022
Coterie Insurance,30,5/25/2022
Gorillas,300,5/24/2022
Zenius,200,5/24/2022
The Zebra,40,5/24/2022
Klarna,700,5/23/2022
PayPal,83,5/23/2022
Buenbit,80,5/23/2022
BeyondMinds,65,5/23/2022
ClickUp,60,5/23/2022
Airtime,30,5/23/2022
MFine,600,5/21/2022
Latch,130,5/20/2022
Outside,87,5/20/2022
Skillz,70,5/20/2022
Cars24,600,5/19/2022
Vedantu,424,5/18/2022
Netflix,150,5/17/2022
Kry,100,5/17/2022
Picsart,90,5/17/2022
Zak,100,5/16/2022
AliExpress Russia,400,5/14/2022
Thirty Madison,24,5/14/2022
CommonBond,22,5/13/2022
Zwift,150,5/12/2022
Section4,32,5/12/2022
DataRobot,70,5/11/2022
Carvana,2500,5/10/2022
Doma,310,5/10/2022
Pollen,200,5/10/2022
Latch,30,5/10/2022
Meero,350,5/9/2022
Vroom,270,5/9/2022
Reef,750,5/6/2022
divvyDOSE,62,5/6/2022
Vedantu,200,5/5/2022
Progrexion,100,5/5/2022
Mural,90,5/5/2022
On Deck,72,5/5/2022
SEND,300,5/4/2022
Colossus,97,5/4/2022
Cameo,87,5/4/2022
Mainstreet,45,5/4/2022
Ideoclick,40,5/4/2022
Vise,25,5/4/2022
Avo,500,5/1/2022
Noom,495,4/29/2022
Domestika,150,4/28/2022
Netflix,25,4/28/2022
Wahoo Fitness,50,4/27/2022
Robinhood,340,4/26/2022
Bonsai,29,4/26/2022
Sigfox,64,4/25/2022
Clyde,22,4/25/2022
Xiaohongshu,180,4/21/2022
Facily,260,4/20/2022
Lemonade,52,4/20/2022
Blend,200,4/19/2022
QuintoAndar,160,4/19/2022
Loft,159,4/19/2022
Humble,10,4/15/2022
Ahead,44,4/14/2022
Rad Power Bikes,100,4/12/2022
Meesho,150,4/11/2022
Food52,20,4/8/2022
Unacademy,1000,4/7/2022
Goodfood,70,4/7/2022
Workrise,450,4/5/2022
BitMEX,75,4/4/2022
Legible,23,4/4/2022
Lightico,20,3/31/2022
Sea,350,3/30/2022
Rasa,59,3/30/2022
Gopuff,450,3/29/2022
Thinkific,100,3/29/2022
Furlenco,180,3/26/2022
Storytel,100,3/17/2022
Curology,150,3/16/2022
Trell,300,3/15/2022
Knock,115,3/15/2022
Better.com,3000,3/8/2022
Adaptive Biotechnologies,100,3/8/2022
Hyperscience,100,3/3/2022
WeDoctor,500,3/2/2022
Wish,190,3/1/2022
OKCredit,30,2/24/2022
Lido,150,2/21/2022
Virgin Hyperloop,111,2/21/2022
Trustly,120,2/17/2022
Liv Up,100,2/16/2022
Homie,119,2/14/2022
Hopin,138,2/10/2022
Daily Harvest,60,2/10/2022
Peloton,2800,2/8/2022
Rhino,57,2/3/2022
Gopuff,100,1/26/2022
Glossier,80,1/26/2022
Root Insurance,330,1/20/2022
Delivery Hero,300,12/22/2021
Better.com,900,12/1/2021
BitTitan,70,11/18/2021
Zillow,2000,11/2/2021
InVision,22,10/5/2021
Zymergen,120,9/23/2021
Treehouse,41,9/14/2021
Tanium,30,8/30/2021
Flockjay,37,8/24/2021
Bytedance,1800,8/5/2021
Pagarbook,80,7/26/2021
Katerra,2434,6/1/2021
Lambda School,65,4/29/2021
Patreon,36,4/26/2021
New Relic,160,4/6/2021
HuffPo,47,3/9/2021
Ninjacart,200,2/23/2021
Bounce,200,2/22/2021
ThredUp,243,2/9/2021
Indigo,80,2/9/2021
Limelight,13,2/4/2021
Quandoo,87,2/3/2021
Hubba,45,2/1/2021
Bytedance,1800,1/27/2021
Privitar,20,1/27/2021
Shutterfly,800,1/25/2021
Postmates,180,1/23/2021
Instacart,1877,1/21/2021
Pocketmath,21,1/20/2021
Dropbox,315,1/13/2021
WhiteHat Jr,1800,1/6/2021
Pulse Secure,78,12/23/2020
Breather,120,12/16/2020
Actifio,54,12/16/2020
OYO,600,12/8/2020
Aya,5,11/19/2020
Bridge Connector,154,11/17/2020
Tidepool,18,11/17/2020
Worksmith,30,11/9/2020
LivePerson,30,11/1/2020
Remedy,82,10/29/2020
Knotel,20,10/29/2020
CodeCombat,8,10/23/2020
GetYourGuide,90,10/14/2020
OLX India,250,10/10/2020
Alto Pharmacy,47,9/29/2020
NS8,240,9/11/2020
Bleacher Report,20,9/11/2020
Waze,30,9/9/2020
Big Fish Games,250,9/1/2020
GoBear,22,9/1/2020
MakeMyTrip,350,8/31/2020
Salesforce,1000,8/26/2020
Superloop,30,8/24/2020
Docly,8,8/19/2020
Shopify,30,8/14/2020
Mozilla,250,8/11/2020
Eatsy,20,8/8/2020
Glossier,150,8/7/2020
Thriver,75,8/6/2020
Vesta,56,8/5/2020
Booking.com,4375,7/30/2020
Buy.com / Rakuten,87,7/30/2020
Procore,180,7/28/2020
Swiggy,350,7/27/2020
Zeitgold,75,7/27/2020
Checkr,64,7/23/2020
LinkedIn,960,7/21/2020
Lighter Capital,22,7/20/2020
Curefit,120,7/17/2020
Optimizely,60,7/15/2020
Skyscanner,300,7/14/2020
Yelp,63,7/13/2020
Bizongo,140,7/10/2020
Zilingo,100,7/9/2020
PaySense,40,7/9/2020
Funding Circle,85,7/8/2020
The Wing,56,7/1/2020
Sharethrough,18,7/1/2020
Kongregate,12,7/1/2020
Havenly,5,7/1/2020
G2,17,6/30/2020
Katerra,400,6/29/2020
Bounce,130,6/29/2020
Argo AI,100,6/29/2020
Bossa Nova,61,6/29/2020
New Relic,20,6/29/2020
GoDaddy,451,6/24/2020
Sonos,174,6/24/2020
Gojek,430,6/23/2020
ScaleFactor,90,6/23/2020
Dark,6,6/23/2020
Intuit,715,6/22/2020
WeWork,200,6/19/2020
Atlas Obscura ,15,6/18/2020
Navi,40,6/17/2020
PaisaBazaar,1500,6/16/2020
Grab,360,6/16/2020
Splunk,70,6/16/2020
Redox,44,6/16/2020
Uber,225,6/12/2020
SynapseFI,63,6/12/2020
ScaleFocus,120,6/11/2020
Branch,3,6/11/2020
Her Campus Media,10,6/10/2020
Integrate.ai,26,6/9/2020
The Athletic,46,6/5/2020
Ethos Life,18,6/5/2020
Lastline,50,6/4/2020
Builder,39,6/4/2020
Monzo,120,6/3/2020
Kitty Hawk,70,6/3/2020
SpotHero,40,6/3/2020
Credit Sesame,22,6/3/2020
Circ,100,6/2/2020
Rivian,40,6/2/2020
Fundbox,14,6/2/2020
Descartes Labs,12,6/2/2020
MakerBot,12,6/2/2020
Stitch Fix,1400,6/1/2020
MakeMyTrip,350,6/1/2020
CrowdStreet,24,6/1/2020
Brex,62,5/29/2020
Loftium,32,5/29/2020
BookMyShow,270,5/28/2020
TrueCar,219,5/28/2020
StubHub,200,5/28/2020
Culture Amp,36,5/28/2020
The Sill,20,5/28/2020
Instructure,150,5/27/2020
Ebanx,62,5/27/2020
Uber,600,5/26/2020
Bluprint,137,5/26/2020
Acorns,50,5/26/2020
CarDekho,200,5/25/2020
Teamwork,21,5/22/2020
Cvent,400,5/21/2020
PickYourTrail,70,5/21/2020
Glitch,18,5/21/2020
Ola,1400,5/20/2020
Samsara,300,5/20/2020
Stay Alfred,221,5/20/2020
SoFi,112,5/20/2020
ShareChat,101,5/20/2020
Intercom,39,5/20/2020
Livspace,450,5/19/2020
Pollen,69,5/19/2020
Dotscience,10,5/19/2020
Uber,3000,5/18/2020
Agoda,1500,5/18/2020
Swiggy,1100,5/18/2020
WeWork,100,5/18/2020
Rubrik,57,5/18/2020
Intapp,45,5/18/2020
Magicbricks,250,5/17/2020
Zomato,520,5/15/2020
Lendingkart,500,5/15/2020
Lattice,16,5/15/2020
Cruise,150,5/14/2020
Quartz,80,5/14/2020
Integral Ad Science,70,5/14/2020
Ridecell,35,5/14/2020
Veem,30,5/14/2020
Deliv,669,5/13/2020
Mercos,51,5/13/2020
Kickstarter,25,5/13/2020
Intersect,19,5/13/2020
Mode Analytics,17,5/13/2020
Stone,1300,5/12/2020
Zeus Living,73,5/12/2020
Mixpanel,65,5/12/2020
Hireology,36,5/12/2020
Top Hat,16,5/12/2020
Revolut,60,5/11/2020
Cadre,28,5/11/2020
N26,9,5/8/2020
Jump,500,5/7/2020
Glassdoor,300,5/7/2020
Numbrs,62,5/7/2020
Flywire,60,5/7/2020
SalesLoft,55,5/7/2020
Tally,28,5/7/2020
Uber,3700,5/6/2020
Validity,130,5/6/2020
Flatiron School,100,5/6/2020
Rubicon Project,50,5/6/2020
Segment,50,5/6/2020
Airbnb,1900,5/5/2020
Juul,900,5/5/2020
Andela,135,5/5/2020
Stack Overflow,40,5/5/2020
Pipedrive,31,5/5/2020
Workable,25,5/5/2020
Curefit,800,5/4/2020
Careem,536,5/4/2020
Oriente,400,5/4/2020
Veriff,63,5/4/2020
Element AI,62,5/4/2020
Deputy,60,5/4/2020
Loopio,11,5/4/2020
Trax,120,5/3/2020
LiveTiles,50,5/3/2020
OYO,150,5/1/2020
Namely,110,5/1/2020
Culture Trip,95,5/1/2020
Sandbox VR,80,5/1/2020
Virtudent,70,5/1/2020
Monese,35,5/1/2020
TheSkimm,26,5/1/2020
Bullhorn,100,4/30/2020
Care.com,81,4/30/2020
Lyft,982,4/29/2020
WeWork,300,4/29/2020
Kayak / OpenTable,160,4/29/2020
Kitopi,124,4/29/2020
Lime,80,4/29/2020
Transfix,24,4/29/2020
TripAdvisor,900,4/28/2020
Renmoney,391,4/28/2020
Deliveroo,367,4/28/2020
App Annie,80,4/28/2020
OpenX,35,4/28/2020
PayJoy,27,4/28/2020
Shipsi,20,4/28/2020
Automation Anywhere,260,4/27/2020
JetClosing,20,4/27/2020
OYO,500,4/25/2020
Stoqo,250,4/25/2020
Submittable,30,4/25/2020
Divergent 3D,57,4/24/2020
Ada Support,36,4/24/2020
UPshow,19,4/24/2020
Lighter Capital,18,4/24/2020
Horizn Studios,15,4/24/2020
Welkin Health,10,4/24/2020
Jiobit,6,4/24/2020
TutorMundi,4,4/24/2020
StockX,100,4/23/2020
Zenefits,87,4/23/2020
Sisense,80,4/23/2020
Oscar Health,70,4/23/2020
Simon Data,6,4/23/2020
Magic Leap,1000,4/22/2020
When I Work,55,4/22/2020
Ike,10,4/22/2020
Swiggy,800,4/21/2020
Paytm,500,4/21/2020
Lending Club,460,4/21/2020
Houzz,155,4/21/2020
Casper,78,4/21/2020
RealSelf,40,4/21/2020
Freshbooks,38,4/21/2020
Patreon,30,4/21/2020
Lambda School,19,4/21/2020
Politico / Protocol,13,4/21/2020
Bringg,10,4/21/2020
Klook,300,4/20/2020
ConsenSys,91,4/20/2020
GumGum,90,4/20/2020
Kueski,90,4/20/2020
Movidesk,33,4/20/2020
Zum,28,4/20/2020
Komodo Health,23,4/20/2020
Forward,10,4/20/2020
BlackBuck,200,4/17/2020
ContaAzul,140,4/17/2020
Greenhouse,120,4/17/2020
QuintoAndar,88,4/17/2020
Loft,47,4/17/2020
Zilingo,44,4/17/2020
Labster,40,4/17/2020
Sweetgreen,35,4/17/2020
People.ai,30,4/17/2020
Tor,13,4/17/2020
CarGurus,130,4/16/2020
Funding Societies,65,4/16/2020
CleverTap,60,4/16/2020
Opendoor,600,4/15/2020
GoPro,200,4/15/2020
Shop101,200,4/15/2020
Zume,200,4/15/2020
Carta,161,4/15/2020
Akulaku,100,4/15/2020
Parsable,40,4/15/2020
Kodiak Robotics,15,4/15/2020
Tulip Retail,14,4/15/2020
Trove Recommerce,13,4/15/2020
The RealReal,235,4/14/2020
TouchBistro,131,4/14/2020
Envoy,58,4/14/2020
VSCO,45,4/14/2020
Skillz,21,4/14/2020
DataStax,15,4/14/2020
Xerpa,10,4/14/2020
Groupon,2800,4/13/2020
Zoox,100,4/13/2020
Neon,70,4/13/2020
EasyPost,50,4/13/2020
Clearbanc,17,4/13/2020
Meow Wolf,201,4/10/2020
Frontdesk,35,4/10/2020
BeeTech,30,4/10/2020
Built In,28,4/10/2020
NuoDB,20,4/10/2020
Rhumbix,16,4/10/2020
Atsu,6,4/10/2020
Geekwire,5,4/10/2020
Yelp,1000,4/9/2020
Monzo,165,4/9/2020
OneTrust,150,4/9/2020
Omie,136,4/9/2020
Domo,90,4/9/2020
Matterport,90,4/9/2020
Clinc,40,4/9/2020
Mejuri,36,4/9/2020
Code42,25,4/9/2020
Lighthouse Labs,14,4/9/2020
LoopMe,8,4/9/2020
Eventbrite,500,4/8/2020
Meesho,200,4/8/2020
Scoop,92,4/8/2020
Unison,89,4/8/2020
Lever,86,4/8/2020
Unbabel,80,4/8/2020
Button,48,4/8/2020
Eden / Managed By Q,40,4/8/2020
Quantcast,30,4/8/2020
BVAccel,25,4/8/2020
VideoAmp,21,4/8/2020
Kenoby,18,4/8/2020
Connected,17,4/8/2020
GetNinjas,11,4/8/2020
Spyce,4,4/8/2020
Toast,1300,4/7/2020
ezCater,400,4/7/2020
Sage Therapeutics,340,4/7/2020
Redfin,236,4/7/2020
Branch Metrics,100,4/7/2020
Newfront Insurance,94,4/7/2020
Ibotta,87,4/7/2020
Virta Health,65,4/7/2020
Away,60,4/7/2020
MediaMath,53,4/7/2020
Group Nine Media,50,4/7/2020
Payfactors,46,4/7/2020
Nav,30,4/7/2020
Metromile,100,4/6/2020
Rock Content,100,4/6/2020
BounceX,77,4/6/2020
C6 Bank,60,4/6/2020
Wordstream,26,4/6/2020
Cogito,24,4/6/2020
BusBud,23,4/6/2020
Borrowell,15,4/6/2020
PerkSpot,10,4/6/2020
Astra,40,4/5/2020
Iflix,50,4/4/2020
Gympass,467,4/3/2020
Sojern,300,4/3/2020
MaxMilhas,167,4/3/2020
Minted,147,4/3/2020
Velodyne Lidar,140,4/3/2020
Zoox,120,4/3/2020
Traveloka,100,4/3/2020
Arrive Logistics,75,4/3/2020
Salsify,60,4/3/2020
Jetty,35,4/3/2020
D2iQ,34,4/3/2020
Bustle Digital Group,24,4/3/2020
Bustle Digital Group,19,4/3/2020
Opencare,18,4/3/2020
Anagram,17,4/3/2020
G/O Media Group,14,4/3/2020
DSCO,12,4/3/2020
Tripbam,10,4/3/2020
Avantage Entertainment,5,4/3/2020
MindBody,700,4/2/2020
Katerra,240,4/2/2020
Ritual,196,4/2/2020
ClassPass,154,4/2/2020
eGym,100,4/2/2020
Voi,100,4/2/2020
Industrious,90,4/2/2020
1stdibs,70,4/2/2020
ThirdLove,65,4/2/2020
Latch,60,4/2/2020
The Predictive Index,59,4/2/2020
Shuttl,40,4/2/2020
Jobcase,39,4/2/2020
Copper,35,4/2/2020
Dynamic Signal,35,4/2/2020
FiscalNote,30,4/2/2020
Sauce Labs,30,4/2/2020
Humu,26,4/2/2020
TripleLift,23,4/2/2020
Coding Dojo,7,4/2/2020
Instamojo,6,4/2/2020
Synergysuite,5,4/2/2020
Booksy,200,4/1/2020
Flymya,200,4/1/2020
PatientPop,100,4/1/2020
Showpad,52,4/1/2020
Highsnobiety,51,4/1/2020
Earnin,50,4/1/2020
Wonolo,46,4/1/2020
Acko,45,4/1/2020
Moovel,28,4/1/2020
Aqua Security,24,4/1/2020
Crayon,20,4/1/2020
Pana,18,4/1/2020
Sensibill,17,4/1/2020
Usermind,15,4/1/2020
Incredible Health,9,4/1/2020
KeepTruckin,349,3/31/2020
AdRoll,210,3/31/2020
Rover,194,3/31/2020
Turo,108,3/31/2020
uShip,65,3/31/2020
SkySlope,50,3/31/2020
Siteimprove,40,3/31/2020
AngelList,20,3/31/2020
Zenoti,17,3/31/2020
DialSource,5,3/31/2020
Thumbtack,250,3/30/2020
RigUp,120,3/30/2020
FabHotels,80,3/30/2020
Hibob,70,3/30/2020
PeerStreet,51,3/30/2020
Maven,31,3/30/2020
Blume Global,30,3/30/2020
Catalant,30,3/30/2020
Starship Technologies,30,3/30/2020
Loftsmart,25,3/30/2020
Caliva,20,3/30/2020
Iris Nova,9,3/30/2020
ZipRecruiter,400,3/29/2020
Amplero,17,3/29/2020
Polarr,10,3/29/2020
TravelTriangle,250,3/28/2020
WeWork,250,3/28/2020
OneWeb,451,3/27/2020
Bird,406,3/27/2020
HOOQ,250,3/27/2020
Everlane,227,3/27/2020
DataRobot,200,3/27/2020
Restaurant365,175,3/27/2020
Blueground,130,3/27/2020
Knotel,127,3/27/2020
Getaround,100,3/27/2020
Zipcar,100,3/27/2020
Mogo,78,3/27/2020
DISCO,75,3/27/2020
Raken,60,3/27/2020
Bench,47,3/27/2020
Loft,47,3/27/2020
Oh My Green,40,3/27/2020
Bevi,30,3/27/2020
Textio,30,3/27/2020
Opal,20,3/27/2020
ThirdLove,10,3/27/2020
B8ta,250,3/26/2020
Fareportal,200,3/26/2020
Puppet,50,3/26/2020
Ecobee,47,3/26/2020
Passport,44,3/26/2020
Peerspace,41,3/26/2020
GoSpotCheck,23,3/26/2020
Consider.co,13,3/26/2020
TripActions,300,3/25/2020
Lyric,100,3/25/2020
Rangle,78,3/25/2020
O'Reilly Media,75,3/25/2020
WanderJaunt,56,3/25/2020
OutboundEngine,52,3/25/2020
Wonderschool,50,3/25/2020
Overtime,30,3/25/2020
Jama,12,3/25/2020
Element Analytics,10,3/25/2020
Sonder,400,3/24/2020
Takl,130,3/24/2020
Foodsby,87,3/24/2020
Zeus Living,80,3/24/2020
TravelBank,20,3/24/2020
Compass,375,3/23/2020
Convene,150,3/23/2020
Leafly,91,3/23/2020
The Guild,38,3/23/2020
Drip,20,3/23/2020
GrayMeta,20,3/23/2020
Triplebyte,15,3/23/2020
Ladder Life,13,3/23/2020
Flywheel Sports,784,3/20/2020
Peek,45,3/20/2020
CTO.ai,30,3/20/2020
Yonder,18,3/20/2020
Bounce,120,3/19/2020
Ejento,84,3/19/2020
Remote Year,50,3/19/2020
Lola,34,3/19/2020
Flytedesk,4,3/18/2020
Inspirato,130,3/16/2020
Help.com,16,3/16/2020
HopSkipDrive,8,3/13/2020
Panda Squad,6,3/13/2020
Tamara Mellon,20,3/12/2020
EasyPost,75,3/11/2020
